user_id,Gender,Age
15624510,Male,19
15810944,Male,35
15668575,Female,26
15603246,Female,27
15804002,Male,19
15728773,Male,27
15598044,Female,27
15694829,Female,32
15600575,Male,25
15727311,Female,35
15570769,Female,26
15606274,Female,26
15746139,Male,20
15704987,Male,32
15628972,Male,18
15697686,Male,29
15733883,Male,47
15617482,Male,45
15704583,Male,46
15621083,Female,48
15649487,Male,45
15736760,Female,47
15714658,Male,48
15599081,Female,45
15705113,Male,46
15631159,Male,47
15792818,Male,49
15633531,Female,47
15744529,Male,29
15669656,Male,31
15581198,Male,31
15729054,Female,27
15573452,Female,21
15776733,Female,28
15724858,Male,27
15713144,Male,35
15690188,Female,33
15689425,Male,30
15671766,Female,26
15782806,Female,27
15764419,Female,27
15591915,Female,33
15772798,Male,35
15792008,Male,30
15715541,Female,28
15639277,Male,23
15798850,Male,25
15776348,Female,27
15727696,Male,30
15793813,Female,31
15694395,Female,24
15764195,Female,18
15744919,Female,29
15671655,Female,35
15654901,Female,27
15649136,Female,24
15775562,Female,23
15807481,Male,28
15642885,Male,22
15789109,Female,32
15814004,Male,27
15673619,Male,25
15595135,Female,23
15583681,Male,32
15605000,Female,59
15718071,Male,24
15679760,Male,24
15654574,Female,23
15577178,Female,22
15595324,Female,31
15756932,Male,25
15726358,Female,24
15595228,Female,20
15782530,Female,33
15592877,Male,32
15651983,Male,34
15746737,Male,18
15774179,Female,22
15667265,Female,28
15655123,Female,26
15595917,Male,30
15668385,Male,39
15709476,Male,20
15711218,Male,35
15798659,Female,30
15663939,Female,31
15694946,Male,24
15631912,Female,28
15768816,Male,26
15682268,Male,35
15684801,Male,22
15636428,Female,30
15809823,Male,26
15699284,Female,29
15786993,Female,29
15709441,Female,35
15710257,Female,35
15582492,Male,28
15575694,Male,35
15756820,Female,28
15766289,Male,27
15593014,Male,28
15584545,Female,32
15675949,Female,33
15672091,Female,19
15801658,Male,21
15706185,Female,26
15789863,Male,27
15720943,Male,26
15697997,Female,38
15665416,Female,39
15660200,Female,37
15619653,Male,38
15773447,Male,37
15739160,Male,42
15689237,Male,40
15679297,Male,35
15591433,Male,36
15642725,Male,40
15701962,Male,41
15811613,Female,36
15741049,Male,37
15724423,Female,40
15574305,Male,35
15678168,Female,41
15697020,Female,39
15610801,Male,42
15745232,Male,26
15722758,Male,30
15792102,Female,26
15675185,Male,31
15801247,Male,33
15725660,Male,30
15638963,Female,21
15800061,Female,28
15578006,Male,23
15668504,Female,20
15687491,Male,30
15610403,Female,28
15741094,Male,19
15807909,Male,19
15666141,Female,18
15617134,Male,35
15783029,Male,30
15622833,Female,34
15746422,Female,24
15750839,Female,27
15749130,Female,41
15779862,Male,29
15767871,Male,20
15679651,Female,26
15576219,Male,41
15699247,Male,31
15619087,Female,36
15605327,Male,40
15610140,Female,31
15791174,Male,46
15602373,Male,29
15762605,Male,26
15598840,Female,32
15744279,Male,32
15670619,Male,25
15599533,Female,37
15757837,Male,35
15697574,Female,33
15578738,Female,18
15762228,Female,22
15614827,Female,35
15789815,Male,29
15579781,Female,29
15587013,Male,21
15570932,Male,34
15794661,Female,26
15581654,Female,34
15644296,Female,34
15614420,Female,23
15609653,Female,35
15594577,Male,25
15584114,Male,24
15673367,Female,31
15685576,Male,26
15774727,Female,31
15694288,Female,32
15603319,Male,33
15759066,Female,33
15814816,Male,31
15724402,Female,20
15571059,Female,33
15674206,Male,35
15715160,Male,28
15730448,Male,24
15662067,Female,19
15779581,Male,29
15662901,Male,19
15689751,Male,28
15667742,Male,34
15738448,Female,30
15680243,Female,20
15745083,Male,26
15708228,Male,35
15628523,Male,35
15708196,Male,49
15735549,Female,39
15809347,Female,41
15660866,Female,58
15766609,Female,47
15654230,Female,55
15794566,Female,52
15800890,Female,40
15697424,Female,46
15724536,Female,48
15735878,Male,52
15707596,Female,59
15657163,Male,35
15622478,Male,47
15779529,Female,60
15636023,Male,49
15582066,Male,40
15666675,Female,46
15732987,Male,59
15789432,Female,41
15663161,Male,35
15694879,Male,37
15593715,Male,60
15575002,Female,35
15622171,Male,37
15795224,Female,36
15685346,Male,56
15691808,Female,40
15721007,Female,42
15794253,Female,35
15694453,Male,39
15813113,Male,40
15614187,Male,49
15619407,Female,38
15646227,Male,46
15660541,Male,40
15753874,Female,37
15617877,Female,46
15772073,Female,53
15701537,Male,42
15736228,Male,38
15780572,Female,50
15769596,Female,56
15586996,Female,41
15722061,Female,51
15638003,Female,35
15775590,Female,57
15730688,Male,41
15753102,Female,35
15810075,Female,44
15723373,Male,37
15795298,Female,48
15584320,Female,37
15724161,Female,50
15750056,Female,52
15609637,Female,41
15794493,Male,40
15569641,Female,58
15815236,Female,45
15811177,Female,35
15680587,Male,36
15672821,Female,55
15767681,Female,35
15600379,Male,48
15801336,Female,42
15721592,Male,40
15581282,Male,37
15746203,Female,47
15583137,Male,40
15680752,Female,43
15688172,Female,59
15791373,Male,60
15589449,Male,39
15692819,Female,57
15727467,Male,57
15734312,Male,38
15764604,Male,49
15613014,Female,52
15759684,Female,50
15609669,Female,59
15685536,Male,35
15750447,Male,37
15663249,Female,52
15638646,Male,48
15734161,Female,37
15631070,Female,37
15761950,Female,48
15649668,Male,41
15713912,Female,37
15586757,Male,39
15596522,Male,49
15625395,Male,55
15760570,Male,37
15566689,Female,35
15725794,Female,36
15673539,Male,42
15705298,Female,43
15675791,Male,45
15747043,Male,46
15736397,Female,58
15678201,Male,48
15720745,Female,37
15637593,Male,37
15598070,Female,40
15787550,Male,42
15603942,Female,51
15733973,Female,47
15596761,Male,36
15652400,Female,38
15717893,Female,42
15622585,Male,39
15733964,Female,38
15753861,Female,49
15747097,Female,39
15594762,Female,39
15667417,Female,54
15684861,Male,35
15742204,Male,45
15623502,Male,36
15774872,Female,52
15611191,Female,53
15674331,Male,41
15619465,Female,48
15575247,Female,48
15695679,Female,41
15713463,Male,41
15785170,Female,42
15796351,Male,36
15639576,Female,47
15693264,Male,38
15589715,Female,48
15769902,Male,42
15587177,Male,40
15814553,Male,57
15601550,Female,36
15664907,Male,58
15612465,Male,35
15810800,Female,38
15665760,Male,39
15588080,Female,53
15776844,Male,35
15717560,Female,38
15629739,Female,47
15729908,Male,47
15716781,Female,41
15646936,Male,53
15768151,Female,54
15579212,Male,39
15721835,Male,38
15800515,Female,38
15591279,Male,37
15587419,Female,42
15750335,Female,37
15699619,Male,36
15606472,Male,60
15778368,Male,54
15671387,Female,41
15573926,Male,40
15709183,Male,42
15577514,Male,43
15778830,Female,53
15768072,Female,47
15768293,Female,42
15654456,Male,42
15807525,Female,59
15574372,Female,58
15671249,Male,46
15779744,Male,38
15624755,Female,54
15611430,Female,60
15774744,Male,60
15629885,Female,39
15708791,Male,59
15793890,Female,37
15646091,Female,46
15596984,Female,46
15800215,Female,42
15577806,Male,41
15749381,Female,58
15683758,Male,42
15670615,Male,48
15715622,Female,44
15707634,Male,49
15806901,Female,57
15775335,Male,56
15724150,Female,49
15627220,Male,39
15672330,Male,47
15668521,Female,48
15807837,Male,48
15592570,Male,47
15748589,Female,45
15635893,Male,60
15757632,Female,39
15691863,Female,46
15706071,Male,51
15654296,Female,50
15755018,Male,36
15594041,Female,49
